step,split,total,mse,l2,entropy,mag,canon,noncanon,canon_usage,helix
0,train,0.864954734557604,0.05282406806945801,0.8121306664881459,0.0,0.0,0.0,0.0,0.0,0.0
0,val,0.835195189525968,0.049128843943277996,0.7860663455826901,0.0,0.0,0.0,0.0,0.0,0.0
1,train,0.8457587984057572,0.052825024922688806,0.7929337734830684,0.0,0.0,0.0,0.0,0.0,0.0
1,val,0.8163349351253543,0.049131650924682614,0.7672032842006716,0.0,0.0,0.0,0.0,0.0,0.0
2,train,0.8268340836519077,0.05282756805419922,0.7740065155977085,0.0,0.0,0.0,0.0,0.0,0.0
2,val,0.7977501914021349,0.049134769439697266,0.7486154219624376,0.0,0.0,0.0,0.0,0.0,0.0
3,train,0.8081956922381736,0.05284211794535319,0.7553535742928204,0.0,0.0,0.0,0.0,0.0,0.0
3,val,0.7794498653744469,0.0491426944732666,0.7303071709011804,0.0,0.0,0.0,0.0,0.0,0.0
4,train,0.789823660799366,0.052844514846801756,0.7369791459525642,0.0,0.0,0.0,0.0,0.0,0.0
4,val,0.7614211257066267,0.04913867314656575,0.712282452560061,0.0,0.0,0.0,0.0,0.0,0.0
5,train,0.7717431820905731,0.05285581270853679,0.7188873693820363,0.0,0.0,0.0,0.0,0.0,0.0
5,val,0.7436921234997914,0.0491470209757487,0.6945451025240427,0.0,0.0,0.0,0.0,0.0,0.0
6,train,0.7539435899707834,0.05286171277364095,0.7010818771971424,0.0,0.0,0.0,0.0,0.0,0.0
6,val,0.7262566670777719,0.04915822029113769,0.6770984467866342,0.0,0.0,0.0,0.0,0.0,0.0
7,train,0.7364392652109072,0.05287309646606445,0.6835661687448428,0.0,0.0,0.0,0.0,0.0,0.0
7,val,0.7091035732220227,0.04915791829427083,0.6599456549277518,0.0,0.0,0.0,0.0,0.0,0.0
8,train,0.7192217913678993,0.052878011067708335,0.666343780300191,0.0,0.0,0.0,0.0,0.0,0.0
8,val,0.6922622009515546,0.04917229970296224,0.6430899012485923,0.0,0.0,0.0,0.0,0.0,0.0
9,train,0.7023032402282275,0.052885548273722334,0.6494176919545052,0.0,0.0,0.0,0.0,0.0,0.0
9,val,0.6757140712559441,0.04918026606241862,0.6265338051935254,0.0,0.0,0.0,0.0,0.0,0.0
10,train,0.6856870676888238,0.052896556854248045,0.6327905108345757,0.0,0.0,0.0,0.0,0.0,0.0
10,val,0.6594634578864984,0.04918385187784831,0.61027960600865,0.0,0.0,0.0,0.0,0.0,0.0
11,train,0.6693677226720945,0.052903045018514,0.6164646776535806,0.0,0.0,0.0,0.0,0.0,0.0
11,val,0.6435224424443515,0.04919308344523112,0.5943293589991204,0.0,0.0,0.0,0.0,0.0,0.0
12,train,0.6533595615963469,0.05291725794474284,0.600442303651604,0.0,0.0,0.0,0.0,0.0,0.0
12,val,0.6278810642494537,0.04919628143310547,0.5786847828163482,0.0,0.0,0.0,0.0,0.0,0.0
13,train,0.6376569471895034,0.05293195088704427,0.5847249963024591,0.0,0.0,0.0,0.0,0.0,0.0
13,val,0.612559704570554,0.04921260833740235,0.5633470962331516,0.0,0.0,0.0,0.0,0.0,0.0
14,train,0.6222509792087988,0.05293674786885579,0.569314231339943,0.0,0.0,0.0,0.0,0.0,0.0
14,val,0.5975480898695359,0.0492307186126709,0.548317371256865,0.0,0.0,0.0,0.0,0.0,0.0
15,train,0.6071647856363932,0.05295351982116699,0.5542112658152262,0.0,0.0,0.0,0.0,0.0,0.0
15,val,0.5828249204125455,0.04922846794128418,0.5335964524712613,0.0,0.0,0.0,0.0,0.0,0.0
16,train,0.5923815650429446,0.0529649289449056,0.539416636098039,0.0,0.0,0.0,0.0,0.0,0.0
16,val,0.5684195294536807,0.049235045115152996,0.5191844843385277,0.0,0.0,0.0,0.0,0.0,0.0
17,train,0.5779102460213927,0.052979523340861,0.5249307226805318,0.0,0.0,0.0,0.0,0.0,0.0
17,val,0.5543337505988117,0.04925230344136556,0.5050814471574462,0.0,0.0,0.0,0.0,0.0,0.0
18,train,0.5637455270983481,0.05299174308776856,0.5107537840105796,0.0,0.0,0.0,0.0,0.0,0.0
18,val,0.540553185232594,0.049265995025634765,0.49128719020695927,0.0,0.0,0.0,0.0,0.0,0.0
19,train,0.5498956070934787,0.05301015853881836,0.4968854485546604,0.0,0.0,0.0,0.0,0.0,0.0
19,val,0.5270714023145995,0.04927044868469238,0.4778009536299071,0.0,0.0,0.0,0.0,0.0,0.0
20,train,0.5363502666664093,0.053025131225585935,0.48332513544082334,0.0,0.0,0.0,0.0,0.0,0.0
20,val,0.5139046398574986,0.04928287188212077,0.4646217679753778,0.0,0.0,0.0,0.0,0.0,0.0
21,train,0.5231099591508171,0.05303819020589193,0.47007176894492525,0.0,0.0,0.0,0.0,0.0,0.0
21,val,0.5010524075573612,0.04930422147115072,0.4517481860862105,0.0,0.0,0.0,0.0,0.0,0.0
22,train,0.5101852988542751,0.053061116536458335,0.4571241823178168,0.0,0.0,0.0,0.0,0.0,0.0
22,val,0.48848841630640893,0.04930974960327148,0.43917866670313743,0.0,0.0,0.0,0.0,0.0,0.0
23,train,0.4975625742872375,0.05308186213175456,0.4444807121554829,0.0,0.0,0.0,0.0,0.0,0.0
23,val,0.4762475651394927,0.04933637301127116,0.42691119212822154,0.0,0.0,0.0,0.0,0.0,0.0
24,train,0.485242626862588,0.0531028938293457,0.4321397330332423,0.0,0.0,0.0,0.0,0.0,0.0
24,val,0.4643057289857206,0.049361953735351564,0.414943775250369,0.0,0.0,0.0,0.0,0.0,0.0
25,train,0.47322166199937127,0.05312244415283203,0.42009921784653925,0.0,0.0,0.0,0.0,0.0,0.0
25,val,0.4526459489587638,0.04937190373738607,0.4032740452213777,0.0,0.0,0.0,0.0,0.0,0.0
26,train,0.4615137599450913,0.05315708478291829,0.408356675162173,0.0,0.0,0.0,0.0,0.0,0.0
26,val,0.4412976062580566,0.04939841588338216,0.3918991903746744,0.0,0.0,0.0,0.0,0.0,0.0
27,train,0.45009554927864276,0.05318584124247233,0.3969097080361704,0.0,0.0,0.0,0.0,0.0,0.0
27,val,0.43023224722372905,0.0494157600402832,0.38081648718344585,0.0,0.0,0.0,0.0,0.0,0.0
28,train,0.43896393844475107,0.05320880254109701,0.38575513590365407,0.0,0.0,0.0,0.0,0.0,0.0
28,val,0.41945716262145605,0.049434690475463866,0.37002247214599215,0.0,0.0,0.0,0.0,0.0,0.0
29,train,0.42813177369715205,0.05324196179707845,0.3748898119000736,0.0,0.0,0.0,0.0,0.0,0.0
29,val,0.4089711199061995,0.049457403818766274,0.3595137160874332,0.0,0.0,0.0,0.0,0.0,0.0
30,train,0.41757960025117546,0.05326880772908529,0.3643107925220902,0.0,0.0,0.0,0.0,0.0,0.0
30,val,0.39876695212193003,0.04947996775309245,0.3492869843688376,0.0,0.0,0.0,0.0,0.0,0.0
31,train,0.4073290864231845,0.05331493059794108,0.3540141558252434,0.0,0.0,0.0,0.0,0.0,0.0
31,val,0.3888392836169655,0.049501161575317386,0.33933812204164815,0.0,0.0,0.0,0.0,0.0,0.0
32,train,0.39733944704890894,0.05334329605102539,0.34399615099788355,0.0,0.0,0.0,0.0,0.0,0.0
32,val,0.3791927317571065,0.049529590606689454,0.32966314115041706,0.0,0.0,0.0,0.0,0.0,0.0
33,train,0.3876257237428045,0.05337308883666992,0.3342526349061346,0.0,0.0,0.0,0.0,0.0,0.0
33,val,0.3698035563459545,0.04954586664835612,0.3202576896975984,0.0,0.0,0.0,0.0,0.0,0.0
34,train,0.37818869922151205,0.05340925852457682,0.3247794406969352,0.0,0.0,0.0,0.0,0.0,0.0
34,val,0.36069472940154707,0.04957732836405436,0.3111174010374927,0.0,0.0,0.0,0.0,0.0,0.0
35,train,0.36902172437681635,0.05344963073730469,0.31557209363951166,0.0,0.0,0.0,0.0,0.0,0.0
35,val,0.3518458276182199,0.04960820198059082,0.3022376256376291,0.0,0.0,0.0,0.0,0.0,0.0
36,train,0.36012033342584204,0.05349415461222331,0.30662617881361875,0.0,0.0,0.0,0.0,0.0,0.0
36,val,0.343248394779945,0.04963461558024088,0.2936137791997041,0.0,0.0,0.0,0.0,0.0,0.0
37,train,0.35146806857476115,0.05353102366129557,0.29793704491346557,0.0,0.0,0.0,0.0,0.0,0.0
37,val,0.3349034902118767,0.04966242790222168,0.285241062309655,0.0,0.0,0.0,0.0,0.0,0.0
38,train,0.34306915270046323,0.05356863021850586,0.28950052248195735,0.0,0.0,0.0,0.0,0.0,0.0
38,val,0.3268041828852414,0.04968904177347819,0.2771151411117632,0.0,0.0,0.0,0.0,0.0,0.0
39,train,0.3349278619357024,0.053616485595703124,0.28131137633999925,0.0,0.0,0.0,0.0,0.0,0.0
39,val,0.3189473725831062,0.04971668879191081,0.26923068379119536,0.0,0.0,0.0,0.0,0.0,0.0
40,train,0.32702264685004534,0.05365763346354167,0.27336501338650365,0.0,0.0,0.0,0.0,0.0,0.0
40,val,0.3113244258613579,0.049741449356079104,0.2615829765052788,0.0,0.0,0.0,0.0,0.0,0.0
41,train,0.3193585581929078,0.053702163696289065,0.26565639449661876,0.0,0.0,0.0,0.0,0.0,0.0
41,val,0.303943010798008,0.04977611541748047,0.25416689538052756,0.0,0.0,0.0,0.0,0.0,0.0
42,train,0.3119268394346839,0.05374702453613281,0.2581798148985511,0.0,0.0,0.0,0.0,0.0,0.0
42,val,0.2967720787036727,0.04979537963867187,0.24697669906500083,0.0,0.0,0.0,0.0,0.0,0.0
43,train,0.30472194412745907,0.05379140853881836,0.2509305355886407,0.0,0.0,0.0,0.0,0.0,0.0
43,val,0.28983439135662287,0.0498268191019694,0.24000757225465347,0.0,0.0,0.0,0.0,0.0,0.0
44,train,0.2977455686505142,0.05384229024251302,0.2439032784080012,0.0,0.0,0.0,0.0,0.0,0.0
44,val,0.2831021662598491,0.04984796524047851,0.23325420101937058,0.0,0.0,0.0,0.0,0.0,0.0
45,train,0.29099246000029894,0.05389973322550456,0.23709272677479437,0.0,0.0,0.0,0.0,0.0,0.0
45,val,0.27659055721139814,0.0498793093363444,0.22671124787505373,0.0,0.0,0.0,0.0,0.0,0.0
46,train,0.28443127760255194,0.05393738428751627,0.23049389331503567,0.0,0.0,0.0,0.0,0.0,0.0
46,val,0.2702929651796946,0.049919268290201824,0.22037369688949274,0.0,0.0,0.0,0.0,0.0,0.0
47,train,0.27809223492012425,0.053990929921468096,0.22410130499865613,0.0,0.0,0.0,0.0,0.0,0.0
47,val,0.26417833163083976,0.049942245483398436,0.2142360861474413,0.0,0.0,0.0,0.0,0.0,0.0
48,train,0.27195273269544756,0.054042542775472005,0.21791018991997557,0.0,0.0,0.0,0.0,0.0,0.0
48,val,0.25827206610964,0.04997843742370606,0.20829362868593393,0.0,0.0,0.0,0.0,0.0,0.0
49,train,0.26601347703295886,0.05409860610961914,0.21191487092333972,0.0,0.0,0.0,0.0,0.0,0.0
49,val,0.252550878413633,0.05001018524169922,0.2025406931719338,0.0,0.0,0.0,0.0,0.0,0.0
50,train,0.2602653595991759,0.054155133565266925,0.20611022603390897,0.0,0.0,0.0,0.0,0.0,0.0
50,val,0.24701263119880948,0.05004044532775879,0.1969721858710507,0.0,0.0,0.0,0.0,0.0,0.0
51,train,0.2546929963021091,0.0542019780476888,0.20049101825442034,0.0,0.0,0.0,0.0,0.0,0.0
51,val,0.24164699559759217,0.05006408055623372,0.19158291504135844,0.0,0.0,0.0,0.0,0.0,0.0
52,train,0.24932012983427893,0.05426793416341146,0.19505219567086746,0.0,0.0,0.0,0.0,0.0,0.0
52,val,0.23645172776806606,0.05008385022481283,0.18636787754325324,0.0,0.0,0.0,0.0,0.0,0.0
53,train,0.24411625607422438,0.05432748158772786,0.18978877448649653,0.0,0.0,0.0,0.0,0.0,0.0
53,val,0.23144678173029792,0.05012463887532552,0.18132214285497242,0.0,0.0,0.0,0.0,0.0,0.0
54,train,0.23908116144176353,0.054385255177815756,0.18469590626394777,0.0,0.0,0.0,0.0,0.0,0.0
54,val,0.22659025884173792,0.05014933904012044,0.17644091980161747,0.0,0.0,0.0,0.0,0.0,0.0
55,train,0.23421289918193686,0.05444454828898112,0.17976835089295573,0.0,0.0,0.0,0.0,0.0,0.0
55,val,0.22189096390721666,0.050171906153361,0.17171905775385565,0.0,0.0,0.0,0.0,0.0,0.0
56,train,0.22949375749333875,0.054492321014404294,0.17500143647893446,0.0,0.0,0.0,0.0,0.0,0.0
56,val,0.21735759709502683,0.05020564397176107,0.16715195312326578,0.0,0.0,0.0,0.0,0.0,0.0
57,train,0.22493518776694263,0.054545021057128905,0.17039016670981372,0.0,0.0,0.0,0.0,0.0,0.0
57,val,0.2129577795520926,0.050223073959350585,0.16273470559274203,0.0,0.0,0.0,0.0,0.0,0.0
58,train,0.2205340957005162,0.05460405985514323,0.16593003584537297,0.0,0.0,0.0,0.0,0.0,0.0
58,val,0.2087020551379203,0.05023916562398275,0.15846288951393755,0.0,0.0,0.0,0.0,0.0,0.0
59,train,0.216273298244102,0.05465695063273112,0.16161634761137086,0.0,0.0,0.0,0.0,0.0,0.0
59,val,0.2045925317635001,0.05026062647501628,0.1543319052884838,0.0,0.0,0.0,0.0,0.0,0.0
60,train,0.2121625437967218,0.05471770604451497,0.15744483775220683,0.0,0.0,0.0,0.0,0.0,0.0
60,val,0.20062094566590669,0.05028337160746257,0.1503375740584441,0.0,0.0,0.0,0.0,0.0,0.0
61,train,0.20817280437269006,0.05476226806640625,0.15341053630628382,0.0,0.0,0.0,0.0,0.0,0.0
61,val,0.19676666106444213,0.05029160817464193,0.1464750528898002,0.0,0.0,0.0,0.0,0.0,0.0
62,train,0.2043058917912906,0.054796422322591146,0.14950946946869947,0.0,0.0,0.0,0.0,0.0,0.0
62,val,0.19303466791420057,0.0502942148844401,0.14274045302976046,0.0,0.0,0.0,0.0,0.0,0.0
63,train,0.2005779113210765,0.05484084447224935,0.14573706684882715,0.0,0.0,0.0,0.0,0.0,0.0
63,val,0.1894256164473005,0.0502962875366211,0.1391293289106794,0.0,0.0,0.0,0.0,0.0,0.0
64,train,0.19697021484990596,0.05488094329833984,0.14208927155156612,0.0,0.0,0.0,0.0,0.0,0.0
64,val,0.18592783193260115,0.05029010454813639,0.13563772738446475,0.0,0.0,0.0,0.0,0.0,0.0
65,train,0.19347388449672065,0.05491170883178711,0.13856217566493353,0.0,0.0,0.0,0.0,0.0,0.0
65,val,0.18254653061272658,0.050284687678019205,0.13226184293470739,0.0,0.0,0.0,0.0,0.0,0.0
66,train,0.1900919600308748,0.05494045893351237,0.13515150109736243,0.0,0.0,0.0,0.0,0.0,0.0
66,val,0.1792737724022988,0.05027624448140462,0.12899752792089417,0.0,0.0,0.0,0.0,0.0,0.0
67,train,0.18682978977528641,0.054976552327473956,0.13185323744781247,0.0,0.0,0.0,0.0,0.0,0.0
67,val,0.1760951443741153,0.05025424957275391,0.1258408948013614,0.0,0.0,0.0,0.0,0.0,0.0
68,train,0.18365147881669602,0.05498790105183919,0.12866357776485682,0.0,0.0,0.0,0.0,0.0,0.0
68,val,0.1730265985232753,0.05023834546407064,0.12278825305920466,0.0,0.0,0.0,0.0,0.0,0.0
69,train,0.18058338819003922,0.05500457763671875,0.12557881055332046,0.0,0.0,0.0,0.0,0.0,0.0
69,val,0.17005229431022728,0.05021628379821777,0.1198360105120095,0.0,0.0,0.0,0.0,0.0,0.0
70,train,0.17760864445973515,0.055013262430826826,0.12259538202890832,0.0,0.0,0.0,0.0,0.0,0.0
70,val,0.16716419896983067,0.05018347104390462,0.11698072792592605,0.0,0.0,0.0,0.0,0.0,0.0
71,train,0.17473700382419285,0.055027071634928384,0.11970993218926447,0.0,0.0,0.0,0.0,0.0,0.0
71,val,0.16436516477760338,0.0501460075378418,0.11421915723976157,0.0,0.0,0.0,0.0,0.0,0.0
72,train,0.1719401240317302,0.05502136866251628,0.11691875536921391,0.0,0.0,0.0,0.0,0.0,0.0
72,val,0.16165479685975487,0.05010707219441732,0.11154772466533754,0.0,0.0,0.0,0.0,0.0,0.0
73,train,0.16922612005915946,0.055007610321044925,0.11421850973811454,0.0,0.0,0.0,0.0,0.0,0.0
73,val,0.15902757193234987,0.05006436347961426,0.1089632084527356,0.0,0.0,0.0,0.0,0.0,0.0
74,train,0.16661127586966112,0.05500546137491862,0.1116058144947425,0.0,0.0,0.0,0.0,0.0,0.0
74,val,0.15647449829159113,0.05001214345296224,0.1064623548386289,0.0,0.0,0.0,0.0,0.0,0.0
75,train,0.16404836864877442,0.05497042973836263,0.10907793891041179,0.0,0.0,0.0,0.0,0.0,0.0
75,val,0.1539923503296663,0.04994982401529948,0.10404252631436682,0.0,0.0,0.0,0.0,0.0,0.0
76,train,0.16158300744252133,0.05495145797729492,0.1066315494652264,0.0,0.0,0.0,0.0,0.0,0.0
76,val,0.1515915016482004,0.04989097913106282,0.10170052251713757,0.0,0.0,0.0,0.0,0.0,0.0
77,train,0.15918078995614893,0.054916884104410806,0.10426390585173813,0.0,0.0,0.0,0.0,0.0,0.0
77,val,0.14925670453581436,0.049822998046875,0.09943370648893937,0.0,0.0,0.0,0.0,0.0,0.0
78,train,0.15685415140417971,0.05488228480021159,0.10197186660396812,0.0,0.0,0.0,0.0,0.0,0.0
78,val,0.1469777452231248,0.049738680521647136,0.09723906470147764,0.0,0.0,0.0,0.0,0.0,0.0
79,train,0.15458959413979678,0.05483664830525716,0.09975294583453961,0.0,0.0,0.0,0.0,0.0,0.0
79,val,0.1447730517192694,0.04965884208679199,0.09511420963247741,0.0,0.0,0.0,0.0,0.0,0.0
80,train,0.1523885171307208,0.05478433609008789,0.09760418104063291,0.0,0.0,0.0,0.0,0.0,0.0
80,val,0.1426330397146143,0.04957673708597819,0.09305630262863611,0.0,0.0,0.0,0.0,0.0,0.0
81,train,0.15024613721438895,0.05472306569417318,0.09552307152021577,0.0,0.0,0.0,0.0,0.0,0.0
81,val,0.14055252250321218,0.04948957443237305,0.09106294807083913,0.0,0.0,0.0,0.0,0.0,0.0
82,train,0.14817697867778185,0.054670003255208335,0.09350697542257351,0.0,0.0,0.0,0.0,0.0,0.0
82,val,0.13852733822319646,0.04939571698506673,0.08913162123812975,0.0,0.0,0.0,0.0,0.0,0.0
83,train,0.14614880477505032,0.054595266977945964,0.09155353779710437,0.0,0.0,0.0,0.0,0.0,0.0
83,val,0.13654894965134462,0.049288883209228515,0.08726006644211612,0.0,0.0,0.0,0.0,0.0,0.0
84,train,0.14417925519942074,0.054518788655598956,0.08966046654382177,0.0,0.0,0.0,0.0,0.0,0.0
84,val,0.13462851177605592,0.04918241818745931,0.0854460935885966,0.0,0.0,0.0,0.0,0.0,0.0
85,train,0.14226564827867114,0.05444016138712565,0.08782548689154548,0.0,0.0,0.0,0.0,0.0,0.0
85,val,0.1327729536090922,0.04908542315165202,0.08368753045744018,0.0,0.0,0.0,0.0,0.0,0.0
86,train,0.14039937921067833,0.05435314178466797,0.08604623742601036,0.0,0.0,0.0,0.0,0.0,0.0
86,val,0.13095390089699815,0.04897177696228027,0.08198212393471789,0.0,0.0,0.0,0.0,0.0,0.0
87,train,0.13858527687564015,0.054264424641927086,0.08432085223371306,0.0,0.0,0.0,0.0,0.0,0.0
87,val,0.12918593841597265,0.048857844670613604,0.08032809374535903,0.0,0.0,0.0,0.0,0.0,0.0
88,train,0.13680848575932975,0.05416128158569336,0.0826472041736364,0.0,0.0,0.0,0.0,0.0,0.0
88,val,0.12746410252017346,0.048740692138671875,0.07872341038150159,0.0,0.0,0.0,0.0,0.0,0.0
89,train,0.13508289763640569,0.05405953089396159,0.08102336674244409,0.0,0.0,0.0,0.0,0.0,0.0
89,val,0.12578945555615756,0.048623215357462564,0.07716624019869499,0.0,0.0,0.0,0.0,0.0,0.0
90,train,0.13340255738455487,0.05395531336466471,0.07944724401989016,0.0,0.0,0.0,0.0,0.0,0.0
90,val,0.12415129582756479,0.048496707280476885,0.07565458854708791,0.0,0.0,0.0,0.0,0.0,0.0
91,train,0.13177099374774368,0.053853848775227864,0.07791714497251581,0.0,0.0,0.0,0.0,0.0,0.0
91,val,0.1225668563180531,0.048380009333292645,0.07418684698476045,0.0,0.0,0.0,0.0,0.0,0.0
92,train,0.13017084612550311,0.05373935063680013,0.07643149548870297,0.0,0.0,0.0,0.0,0.0,0.0
92,val,0.12101503976649071,0.04825352350870768,0.07276151625778303,0.0,0.0,0.0,0.0,0.0,0.0
93,train,0.12861854870549258,0.05362990697224935,0.07498864173324324,0.0,0.0,0.0,0.0,0.0,0.0
93,val,0.11950261522890687,0.04812559127807617,0.0713770239508307,0.0,0.0,0.0,0.0,0.0,0.0
94,train,0.12710439079367242,0.05351755142211914,0.07358683937155326,0.0,0.0,0.0,0.0,0.0,0.0
94,val,0.11803167761323874,0.04799996376037598,0.07003171385286276,0.0,0.0,0.0,0.0,0.0,0.0
95,train,0.1256187039801996,0.0533943239847819,0.07222437999541767,0.0,0.0,0.0,0.0,0.0,0.0
95,val,0.11659094392493932,0.04786698341369629,0.06872396051124303,0.0,0.0,0.0,0.0,0.0,0.0
96,train,0.12417355530191442,0.05327357292175293,0.07089998238016149,0.0,0.0,0.0,0.0,0.0,0.0
96,val,0.11519506095870996,0.047742513020833335,0.06745254793787663,0.0,0.0,0.0,0.0,0.0,0.0
97,train,0.12276767599374397,0.053155190149943035,0.06961248584380093,0.0,0.0,0.0,0.0,0.0,0.0
97,val,0.11383213678372787,0.04761576016743978,0.0662163766162881,0.0,0.0,0.0,0.0,0.0,0.0
98,train,0.1213933948769227,0.053033577601114906,0.0683598172758078,0.0,0.0,0.0,0.0,0.0,0.0
98,val,0.1125156607992589,0.04750218073527018,0.06501348006398872,0.0,0.0,0.0,0.0,0.0,0.0
99,train,0.12005576891335122,0.052915242513020835,0.06714052640033039,0.0,0.0,0.0,0.0,0.0,0.0
99,val,0.1112216636992312,0.04737917900085449,0.06384248469837671,0.0,0.0,0.0,0.0,0.0,0.0
100,train,0.11875177527870005,0.05279793421427409,0.06595384106442596,0.0,0.0,0.0,0.0,0.0,0.0
100,val,0.10996172243202235,0.04725906054178874,0.0627026618902336,0.0,0.0,0.0,0.0,0.0,0.0
101,train,0.11747699761940122,0.052678677241007485,0.06479832037839374,0.0,0.0,0.0,0.0,0.0,0.0
101,val,0.10873605259930275,0.04714340845743815,0.0615926441418646,0.0,0.0,0.0,0.0,0.0,0.0
102,train,0.11622981544436642,0.05255658785502116,0.06367322758934525,0.0,0.0,0.0,0.0,0.0,0.0
102,val,0.10753583105746559,0.04702409744262695,0.06051173361483863,0.0,0.0,0.0,0.0,0.0,0.0
103,train,0.11502750010924132,0.05245023409525553,0.06257726601398578,0.0,0.0,0.0,0.0,0.0,0.0
103,val,0.10637054581136145,0.04691184361775716,0.05945870219360429,0.0,0.0,0.0,0.0,0.0,0.0
104,train,0.1138489511746365,0.05233928044637044,0.06150967072826606,0.0,0.0,0.0,0.0,0.0,0.0
104,val,0.10522677872539188,0.046793956756591794,0.05843282196880008,0.0,0.0,0.0,0.0,0.0,0.0
105,train,0.11270598582120789,0.05223640124003093,0.06046958458117697,0.0,0.0,0.0,0.0,0.0,0.0
105,val,0.10411082219043932,0.04667754173278808,0.05743328045765124,0.0,0.0,0.0,0.0,0.0,0.0
106,train,0.11156440146239031,0.052108478546142575,0.05945592291624774,0.0,0.0,0.0,0.0,0.0,0.0
106,val,0.10303119912565295,0.04657215436299642,0.056459044762656535,0.0,0.0,0.0,0.0,0.0,0.0
107,train,0.11047294933129713,0.0520054817199707,0.05846746761132643,0.0,0.0,0.0,0.0,0.0,0.0
107,val,0.10197272266077681,0.046463759740193684,0.05550896292058312,0.0,0.0,0.0,0.0,0.0,0.0
108,train,0.10940139647741502,0.05189799626668294,0.05750340021073208,0.0,0.0,0.0,0.0,0.0,0.0
108,val,0.10095559908369592,0.04637333869934082,0.05458226038435509,0.0,0.0,0.0,0.0,0.0,0.0
109,train,0.10836330550775314,0.05180078824361165,0.05656251726414149,0.0,0.0,0.0,0.0,0.0,0.0
109,val,0.09996043907132557,0.0462826410929362,0.05367779797838936,0.0,0.0,0.0,0.0,0.0,0.0
110,train,0.10734685675619055,0.051702534357706706,0.05564432239848383,0.0,0.0,0.0,0.0,0.0,0.0
110,val,0.09897006236961446,0.04617495536804199,0.05279510700157247,0.0,0.0,0.0,0.0,0.0,0.0
111,train,0.10635238577761495,0.05160431861877442,0.054748067158840535,0.0,0.0,0.0,0.0,0.0,0.0
111,val,0.09803308389880777,0.04609960556030274,0.05193347833850504,0.0,0.0,0.0,0.0,0.0,0.0
112,train,0.1053910695767129,0.05151813824971517,0.05387293132699773,0.0,0.0,0.0,0.0,0.0,0.0
112,val,0.09709845913799765,0.04600632349650065,0.051092135641497005,0.0,0.0,0.0,0.0,0.0,0.0
113,train,0.10445495693658399,0.05143647193908692,0.05301848499749707,0.0,0.0,0.0,0.0,0.0,0.0
113,val,0.09620295864048742,0.045932286580403645,0.050270672060083774,0.0,0.0,0.0,0.0,0.0,0.0
114,train,0.10352430697956069,0.05134036382039388,0.052183943159166815,0.0,0.0,0.0,0.0,0.0,0.0
114,val,0.0953205804668642,0.04585224151611328,0.04946833895075093,0.0,0.0,0.0,0.0,0.0,0.0
115,train,0.10263747040217591,0.05126856486002604,0.05136890554214988,0.0,0.0,0.0,0.0,0.0,0.0
115,val,0.0944681494246884,0.04578338940938314,0.04868476001530525,0.0,0.0,0.0,0.0,0.0,0.0
116,train,0.10176344749414219,0.05119089126586914,0.05057255622827305,0.0,0.0,0.0,0.0,0.0,0.0
116,val,0.09362222286798821,0.045703064600626626,0.047919158267361595,0.0,0.0,0.0,0.0,0.0,0.0
117,train,0.10090583488941075,0.051111361185709636,0.04979447370370112,0.0,0.0,0.0,0.0,0.0,0.0
117,val,0.09280562372490893,0.04563449223836263,0.0471711314865463,0.0,0.0,0.0,0.0,0.0,0.0
118,train,0.100080522440506,0.05104627291361491,0.049034249526891095,0.0,0.0,0.0,0.0,0.0,0.0
118,val,0.09199350787699673,0.045553216934204104,0.04644029094279262,0.0,0.0,0.0,0.0,0.0,0.0
119,train,0.09926495645237261,0.05097335815429688,0.048291598298075736,0.0,0.0,0.0,0.0,0.0,0.0
119,val,0.09121835607081212,0.04549199422200521,0.045726361848806914,0.0,0.0,0.0,0.0,0.0,0.0
120,train,0.09846664568938754,0.05090087890625,0.047565766783137536,0.0,0.0,0.0,0.0,0.0,0.0
120,val,0.09045890793220068,0.04543028195699056,0.04502862597521012,0.0,0.0,0.0,0.0,0.0,0.0
121,train,0.09769681365873753,0.05084049860636393,0.0468563150523736,0.0,0.0,0.0,0.0,0.0,0.0
121,val,0.08972347742059748,0.04537681261698405,0.044346664803613434,0.0,0.0,0.0,0.0,0.0,0.0
122,train,0.09694459199668437,0.05078198115030925,0.04616261084637513,0.0,0.0,0.0,0.0,0.0,0.0
122,val,0.08900317177996513,0.04532329559326172,0.04367987618670341,0.0,0.0,0.0,0.0,0.0,0.0
123,train,0.09619693220197419,0.050712677637736,0.045484254564238186,0.0,0.0,0.0,0.0,0.0,0.0
123,val,0.08829005122198265,0.045262174606323244,0.043027876615659405,0.0,0.0,0.0,0.0,0.0,0.0
124,train,0.09547684576830881,0.05065585772196452,0.04482098804634429,0.0,0.0,0.0,0.0,0.0,0.0
124,val,0.08759268363263653,0.045202264785766604,0.04239041884686993,0.0,0.0,0.0,0.0,0.0,0.0
125,train,0.09477059610101415,0.050597852071126305,0.04417274402988785,0.0,0.0,0.0,0.0,0.0,0.0
125,val,0.08693426952580255,0.04516683260599772,0.041767436919804835,0.0,0.0,0.0,0.0,0.0,0.0
126,train,0.09408754354126721,0.05054908116658529,0.04353846237468192,0.0,0.0,0.0,0.0,0.0,0.0
126,val,0.08627902629759329,0.045121103922526044,0.04115792237506725,0.0,0.0,0.0,0.0,0.0,0.0
127,train,0.09341397426886403,0.05049631118774414,0.042917663081119876,0.0,0.0,0.0,0.0,0.0,0.0
127,val,0.08564052479994808,0.0450791072845459,0.04056141751540218,0.0,0.0,0.0,0.0,0.0,0.0
128,train,0.09276975779967897,0.050459470748901364,0.042310287050777606,0.0,0.0,0.0,0.0,0.0,0.0
128,val,0.0850160601723432,0.04503819465637207,0.039977865515971135,0.0,0.0,0.0,0.0,0.0,0.0
129,train,0.0921269785798201,0.05041073481241862,0.0417162437674015,0.0,0.0,0.0,0.0,0.0,0.0
129,val,0.08440877701091065,0.04500160217285156,0.0394071748380591,0.0,0.0,0.0,0.0,0.0,0.0
130,train,0.0915089427342011,0.05037357648213704,0.04113536625206405,0.0,0.0,0.0,0.0,0.0,0.0
130,val,0.08381426985027864,0.044965085983276365,0.03884918386700227,0.0,0.0,0.0,0.0,0.0,0.0
131,train,0.09089069649616355,0.050323410034179686,0.04056728646198386,0.0,0.0,0.0,0.0,0.0,0.0
131,val,0.08322081711047416,0.04491728146870931,0.038303535641764856,0.0,0.0,0.0,0.0,0.0,0.0
132,train,0.09029757424933516,0.05028611183166504,0.04001146241767012,0.0,0.0,0.0,0.0,0.0,0.0
132,val,0.08265868720814919,0.044888973236083984,0.0377697139720652,0.0,0.0,0.0,0.0,0.0,0.0
133,train,0.08972236603407346,0.05025481541951497,0.03946755061455849,0.0,0.0,0.0,0.0,0.0,0.0
133,val,0.08210604344208275,0.04485865275065104,0.037247390691431716,0.0,0.0,0.0,0.0,0.0,0.0
134,train,0.08915236103287107,0.050217240651448565,0.0389351203814225,0.0,0.0,0.0,0.0,0.0,0.0
134,val,0.08155911574187458,0.04482296307881673,0.03673615266305784,0.0,0.0,0.0,0.0,0.0,0.0
135,train,0.08860079811660962,0.05018673578898112,0.038414062327628506,0.0,0.0,0.0,0.0,0.0,0.0
135,val,0.08103660398894358,0.04480071067810058,0.03623589331084299,0.0,0.0,0.0,0.0,0.0,0.0
136,train,0.08805619725984007,0.05015183448791504,0.03790436277192503,0.0,0.0,0.0,0.0,0.0,0.0
136,val,0.08052038125076835,0.04477378527323405,0.035746595977534296,0.0,0.0,0.0,0.0,0.0,0.0
137,train,0.08752826939172131,0.050122915903727215,0.037405353487994106,0.0,0.0,0.0,0.0,0.0,0.0
137,val,0.08001497961604931,0.044747355779012045,0.03526762383703726,0.0,0.0,0.0,0.0,0.0,0.0
138,train,0.08701118962298031,0.05009451548258464,0.03691667414039567,0.0,0.0,0.0,0.0,0.0,0.0
138,val,0.07952462125564903,0.044725990295410155,0.03479863096023888,0.0,0.0,0.0,0.0,0.0,0.0
139,train,0.08650563991984994,0.0500670591990153,0.03643858072083463,0.0,0.0,0.0,0.0,0.0,0.0
139,val,0.07904160481437639,0.04470174789428711,0.034339856920089284,0.0,0.0,0.0,0.0,0.0,0.0
140,train,0.08602111827132894,0.05005024909973144,0.03597086917159749,0.0,0.0,0.0,0.0,0.0,0.0
140,val,0.0785684818277107,0.04467737833658854,0.03389110349112217,0.0,0.0,0.0,0.0,0.0,0.0
141,train,0.08553293175559644,0.050019359588623045,0.035513572166973394,0.0,0.0,0.0,0.0,0.0,0.0
141,val,0.07811435871601591,0.04466196378072103,0.03345239493529487,0.0,0.0,0.0,0.0,0.0,0.0
142,train,0.08506050199652385,0.0499945322672526,0.03506596972927125,0.0,0.0,0.0,0.0,0.0,0.0
142,val,0.07765786685038623,0.044634825388590496,0.03302304146179572,0.0,0.0,0.0,0.0,0.0,0.0
143,train,0.0845930213802581,0.04996469815572103,0.034628323224537065,0.0,0.0,0.0,0.0,0.0,0.0
143,val,0.07721713851377804,0.044613850911458336,0.03260328760231971,0.0,0.0,0.0,0.0,0.0,0.0
144,train,0.0841423068712264,0.049942455291748046,0.03419985157947835,0.0,0.0,0.0,0.0,0.0,0.0
144,val,0.0767945974498421,0.0446022097269694,0.0321923877228727,0.0,0.0,0.0,0.0,0.0,0.0
145,train,0.08370444546463485,0.04992390632629395,0.0337805391383409,0.0,0.0,0.0,0.0,0.0,0.0
145,val,0.07637137500496355,0.04458105087280274,0.03179032413216082,0.0,0.0,0.0,0.0,0.0,0.0
146,train,0.08326927720694594,0.04989906628926595,0.03337021091767999,0.0,0.0,0.0,0.0,0.0,0.0
146,val,0.07596112299652315,0.044564196268717444,0.0313969267278057,0.0,0.0,0.0,0.0,0.0,0.0
147,train,0.08285038397336303,0.04988184928894043,0.032968534684422596,0.0,0.0,0.0,0.0,0.0,0.0
147,val,0.07555706797429373,0.044545189539591475,0.031011878434702256,0.0,0.0,0.0,0.0,0.0,0.0
148,train,0.08245288995784814,0.04987772941589355,0.032575160541954584,0.0,0.0,0.0,0.0,0.0,0.0
148,val,0.07516648085167872,0.044531634648640954,0.03063484620303777,0.0,0.0,0.0,0.0,0.0,0.0
149,train,0.08203209340548365,0.04984201113382975,0.0321900822716539,0.0,0.0,0.0,0.0,0.0,0.0
149,val,0.07479467043252748,0.04452885309855143,0.030265817333976045,0.0,0.0,0.0,0.0,0.0,0.0
150,train,0.08164843754116613,0.04983542124430339,0.03181301629686275,0.0,0.0,0.0,0.0,0.0,0.0
150,val,0.07441674484060015,0.044512221018473304,0.02990452382212684,0.0,0.0,0.0,0.0,0.0,0.0
151,train,0.08125769005008593,0.04981374422709147,0.03144394582299445,0.0,0.0,0.0,0.0,0.0,0.0
151,val,0.07404908050442412,0.04449813524881999,0.029550945255604134,0.0,0.0,0.0,0.0,0.0,0.0
152,train,0.08088905851304107,0.04980644543965657,0.031082613073384502,0.0,0.0,0.0,0.0,0.0,0.0
152,val,0.07369919728626749,0.04449436187744141,0.02920483540882608,0.0,0.0,0.0,0.0,0.0,0.0
153,train,0.08052152915775251,0.04979257583618164,0.030728953321570867,0.0,0.0,0.0,0.0,0.0,0.0
153,val,0.0733549919082933,0.04448886235555013,0.02886612955274317,0.0,0.0,0.0,0.0,0.0,0.0
154,train,0.08016405442852084,0.04978124936421712,0.03038280506430372,0.0,0.0,0.0,0.0,0.0,0.0
154,val,0.07301655076530802,0.044481881459554035,0.02853466930575399,0.0,0.0,0.0,0.0,0.0,0.0
155,train,0.07982311586179444,0.04977899551391601,0.030044120347878435,0.0,0.0,0.0,0.0,0.0,0.0
155,val,0.07267720188591612,0.04446679433186849,0.028210407554047624,0.0,0.0,0.0,0.0,0.0,0.0
156,train,0.07947441454310815,0.04976152102152506,0.029712893521583083,0.0,0.0,0.0,0.0,0.0,0.0
156,val,0.07235983683503602,0.04446650505065918,0.027893331784376835,0.0,0.0,0.0,0.0,0.0,0.0
157,train,0.07913600023500972,0.04974701881408691,0.029388981420922805,0.0,0.0,0.0,0.0,0.0,0.0
157,val,0.07203423662129899,0.044450934727986655,0.027583301893312324,0.0,0.0,0.0,0.0,0.0,0.0
158,train,0.07881914563080933,0.049747076034545895,0.02907206959626343,0.0,0.0,0.0,0.0,0.0,0.0
158,val,0.07173009073804198,0.0444500732421875,0.027280017495854483,0.0,0.0,0.0,0.0,0.0,0.0
159,train,0.07849358551072175,0.04973152160644531,0.02876206390427643,0.0,0.0,0.0,0.0,0.0,0.0
159,val,0.07142648199070681,0.04444309870402018,0.026983383286686622,0.0,0.0,0.0,0.0,0.0,0.0
160,train,0.07818016517251053,0.0497214412689209,0.028458723903589625,0.0,0.0,0.0,0.0,0.0,0.0
160,val,0.07112046463837045,0.04442729632059733,0.026693168317773117,0.0,0.0,0.0,0.0,0.0,0.0
161,train,0.077876823891862,0.049714940388997396,0.028161883502864603,0.0,0.0,0.0,0.0,0.0,0.0
161,val,0.07084255279359267,0.044433339436848955,0.026409213356743705,0.0,0.0,0.0,0.0,0.0,0.0
162,train,0.07757443232890604,0.04970303217569987,0.02787140015320617,0.0,0.0,0.0,0.0,0.0,0.0
162,val,0.07055721978786272,0.04442584037780762,0.0261313794100551,0.0,0.0,0.0,0.0,0.0,0.0
163,train,0.07727715970712146,0.0496899668375651,0.02758719286955635,0.0,0.0,0.0,0.0,0.0,0.0
163,val,0.07027772564309442,0.044418137868245444,0.025859587774848983,0.0,0.0,0.0,0.0,0.0,0.0
164,train,0.07700532540989079,0.049696486790974936,0.027308838618915848,0.0,0.0,0.0,0.0,0.0,0.0
164,val,0.07000486639305223,0.04441143035888672,0.025593436034165508,0.0,0.0,0.0,0.0,0.0,0.0
165,train,0.07671772498399929,0.049680960973103844,0.02703676401089545,0.0,0.0,0.0,0.0,0.0,0.0
165,val,0.06975151618305298,0.04441819190979004,0.025333324273262937,0.0,0.0,0.0,0.0,0.0,0.0
166,train,0.07644487472236947,0.04967435201009115,0.026770522712278325,0.0,0.0,0.0,0.0,0.0,0.0
166,val,0.06948838572621885,0.04440955797831218,0.025078827747906676,0.0,0.0,0.0,0.0,0.0,0.0
167,train,0.07617159035314378,0.049661747614542645,0.026509842738601127,0.0,0.0,0.0,0.0,0.0,0.0
167,val,0.0692409963651349,0.04441131273905436,0.02482968362608053,0.0,0.0,0.0,0.0,0.0,0.0
168,train,0.07591646257415573,0.04966145515441894,0.026255007419736784,0.0,0.0,0.0,0.0,0.0,0.0
168,val,0.06899436591171662,0.044408203760782874,0.02458616215093374,0.0,0.0,0.0,0.0,0.0,0.0
169,train,0.07565893200653226,0.04965338071187337,0.026005551294658886,0.0,0.0,0.0,0.0,0.0,0.0
169,val,0.06874183347732787,0.04439401626586914,0.02434781721145873,0.0,0.0,0.0,0.0,0.0,0.0
170,train,0.07541625854320023,0.04965476353963216,0.025761495003568075,0.0,0.0,0.0,0.0,0.0,0.0
170,val,0.06851223333458328,0.04439756393432617,0.024114669400257117,0.0,0.0,0.0,0.0,0.0,0.0
171,train,0.0751680893642392,0.04964571317036947,0.02552237619386973,0.0,0.0,0.0,0.0,0.0,0.0
171,val,0.06828599928561407,0.04439972559611002,0.02388627368950405,0.0,0.0,0.0,0.0,0.0,0.0
172,train,0.07494426566292231,0.04965547879536947,0.025288786867552843,0.0,0.0,0.0,0.0,0.0,0.0
172,val,0.06806803218913904,0.04440483729044596,0.023663194898693073,0.0,0.0,0.0,0.0,0.0,0.0
173,train,0.07470894976989861,0.04964854876200358,0.02506040100789503,0.0,0.0,0.0,0.0,0.0,0.0
173,val,0.06785407898093104,0.044408960342407225,0.023445118638523815,0.0,0.0,0.0,0.0,0.0,0.0
174,train,0.07447374988725416,0.049637101491292315,0.024836648395961853,0.0,0.0,0.0,0.0,0.0,0.0
174,val,0.06763239132453021,0.04440089225769043,0.02323149906683978,0.0,0.0,0.0,0.0,0.0,0.0
175,train,0.07425688974742835,0.04963909149169922,0.024617798255729132,0.0,0.0,0.0,0.0,0.0,0.0
175,val,0.06742580456792803,0.044403209686279296,0.02302259488164873,0.0,0.0,0.0,0.0,0.0,0.0
176,train,0.07404036831788045,0.04963672955830892,0.02440363875957154,0.0,0.0,0.0,0.0,0.0,0.0
176,val,0.06723044593499998,0.04441224416097005,0.02281820177402993,0.0,0.0,0.0,0.0,0.0,0.0
177,train,0.07382466147128416,0.04963056246439616,0.024194099006888008,0.0,0.0,0.0,0.0,0.0,0.0
177,val,0.0670164065716059,0.04439815839131673,0.022618248180289173,0.0,0.0,0.0,0.0,0.0,0.0
178,train,0.07362571294329213,0.049636157353719075,0.023989555589573056,0.0,0.0,0.0,0.0,0.0,0.0
178,val,0.06682351845138468,0.04440042495727539,0.022423093494109283,0.0,0.0,0.0,0.0,0.0,0.0
179,train,0.07342491887443094,0.04963547706604004,0.023789441808390897,0.0,0.0,0.0,0.0,0.0,0.0
179,val,0.0666325111319412,0.0444003168741862,0.022232194257755,0.0,0.0,0.0,0.0,0.0,0.0
180,train,0.07322221462707845,0.049628499348958334,0.023593715278120122,0.0,0.0,0.0,0.0,0.0,0.0
180,val,0.06644837621319083,0.04440286954243978,0.022045506670751048,0.0,0.0,0.0,0.0,0.0,0.0
181,train,0.07303222897606731,0.049629802703857424,0.023402426272209884,0.0,0.0,0.0,0.0,0.0,0.0
181,val,0.06626813553661269,0.04440505663553874,0.021863078901073956,0.0,0.0,0.0,0.0,0.0,0.0
182,train,0.07284107638143222,0.049625609715779624,0.023215466665652596,0.0,0.0,0.0,0.0,0.0,0.0
182,val,0.0660897761138966,0.04440497080485026,0.02168480530904634,0.0,0.0,0.0,0.0,0.0,0.0
183,train,0.07265301369556249,0.049620440800984704,0.023032572894577778,0.0,0.0,0.0,0.0,0.0,0.0
183,val,0.06591883744555255,0.044408404032389326,0.021510433413163214,0.0,0.0,0.0,0.0,0.0,0.0
184,train,0.07247065040832572,0.049616800944010414,0.022853849464315307,0.0,0.0,0.0,0.0,0.0,0.0
184,val,0.06574809930393839,0.0444080384572347,0.021340060846703698,0.0,0.0,0.0,0.0,0.0,0.0
185,train,0.07230152520118127,0.04962240219116211,0.02267912301001917,0.0,0.0,0.0,0.0,0.0,0.0
185,val,0.06558340057546723,0.044409875869750974,0.02117352470571626,0.0,0.0,0.0,0.0,0.0,0.0
186,train,0.07213018962420364,0.04962219874064128,0.02250799088356236,0.0,0.0,0.0,0.0,0.0,0.0
186,val,0.0654256712153456,0.04441523234049479,0.021010438874850802,0.0,0.0,0.0,0.0,0.0,0.0
187,train,0.07195895142689371,0.04961824099222819,0.02234071043466552,0.0,0.0,0.0,0.0,0.0,0.0
187,val,0.0652674847759704,0.044416437149047854,0.020851047626922543,0.0,0.0,0.0,0.0,0.0,0.0
188,train,0.07179576055747743,0.04961856206258138,0.022177198494896043,0.0,0.0,0.0,0.0,0.0,0.0
188,val,0.06511100220450126,0.04441573143005371,0.02069527077444756,0.0,0.0,0.0,0.0,0.0,0.0
189,train,0.07163133131395334,0.049613943099975584,0.022017388213977755,0.0,0.0,0.0,0.0,0.0,0.0
189,val,0.0649575816524005,0.0444145393371582,0.0205430423152423,0.0,0.0,0.0,0.0,0.0,0.0
190,train,0.07148249088091183,0.049621327718098955,0.02186116316281287,0.0,0.0,0.0,0.0,0.0,0.0
190,val,0.06481468285739568,0.0444204298655192,0.020394252991876475,0.0,0.0,0.0,0.0,0.0,0.0
191,train,0.07133198838700544,0.04962362289428711,0.021708365492718328,0.0,0.0,0.0,0.0,0.0,0.0
191,val,0.06467239160622544,0.044423640569051105,0.02024875103717434,0.0,0.0,0.0,0.0,0.0,0.0
192,train,0.07118319154642687,0.04962426503499349,0.021558926511433384,0.0,0.0,0.0,0.0,0.0,0.0
192,val,0.06452991029949716,0.04442344029744466,0.0201064700020525,0.0,0.0,0.0,0.0,0.0,0.0
193,train,0.07103115282776593,0.04961835861206055,0.02141279421570538,0.0,0.0,0.0,0.0,0.0,0.0
193,val,0.06440564460199706,0.04443828582763672,0.019967358774360344,0.0,0.0,0.0,0.0,0.0,0.0
194,train,0.07088547445639465,0.04961549441019694,0.021269980046197706,0.0,0.0,0.0,0.0,0.0,0.0
194,val,0.06425577441638161,0.04442434628804525,0.019831428128336367,0.0,0.0,0.0,0.0,0.0,0.0
195,train,0.0707534408753643,0.049623082478841146,0.02113035839652315,0.0,0.0,0.0,0.0,0.0,0.0
195,val,0.06413500991607089,0.04443645159403483,0.019698558322036066,0.0,0.0,0.0,0.0,0.0,0.0
196,train,0.07061742834347999,0.049623359044392905,0.02099406929908709,0.0,0.0,0.0,0.0,0.0,0.0
196,val,0.06400265775165989,0.04443377812703451,0.01956887962462538,0.0,0.0,0.0,0.0,0.0,0.0
197,train,0.07047610422894308,0.049615058898925785,0.0208610453300173,0.0,0.0,0.0,0.0,0.0,0.0
197,val,0.06387514299024809,0.044432818094889324,0.01944232489535876,0.0,0.0,0.0,0.0,0.0,0.0
198,train,0.0703464909728582,0.04961544036865234,0.02073105060420586,0.0,0.0,0.0,0.0,0.0,0.0
198,val,0.06375288647556315,0.044434216817220054,0.019318669658343106,0.0,0.0,0.0,0.0,0.0,0.0
199,train,0.07021708139453545,0.04961298624674479,0.02060409514779066,0.0,0.0,0.0,0.0,0.0,0.0
199,val,0.06362768805155909,0.04442976633707682,0.01919792171448227,0.0,0.0,0.0,0.0,0.0,0.0
200,train,0.0700975978087944,0.04961756706237793,0.02048003074641647,0.0,0.0,0.0,0.0,0.0,0.0
200,val,0.06351505374596433,0.04443511327107747,0.019079940474886866,0.0,0.0,0.0,0.0,0.0,0.0
201,train,0.06997877822970891,0.04961990356445312,0.020358874665255794,0.0,0.0,0.0,0.0,0.0,0.0
201,val,0.06340696448918288,0.04444222132364909,0.018964743165533794,0.0,0.0,0.0,0.0,0.0,0.0
202,train,0.06985844821944345,0.04961826006571452,0.02024018815372894,0.0,0.0,0.0,0.0,0.0,0.0
202,val,0.06329819847442952,0.044446287155151365,0.018851911319278155,0.0,0.0,0.0,0.0,0.0,0.0
203,train,0.06973941574651217,0.04961537361145019,0.02012404213506198,0.0,0.0,0.0,0.0,0.0,0.0
203,val,0.06318524392282629,0.044443731307983396,0.018741512614842894,0.0,0.0,0.0,0.0,0.0,0.0
204,train,0.0696265429290763,0.04961606979370117,0.020010473135375125,0.0,0.0,0.0,0.0,0.0,0.0
204,val,0.06308911761109985,0.04445553461710612,0.01863358299399373,0.0,0.0,0.0,0.0,0.0,0.0
205,train,0.06951417381203565,0.049614664713541666,0.019899509098493976,0.0,0.0,0.0,0.0,0.0,0.0
205,val,0.06298609369950936,0.04445794423421224,0.018528149465297118,0.0,0.0,0.0,0.0,0.0,0.0
206,train,0.06940795474387426,0.04961720148722331,0.01979075325665096,0.0,0.0,0.0,0.0,0.0,0.0
206,val,0.06288413677739021,0.04445930480957031,0.018424831967819896,0.0,0.0,0.0,0.0,0.0,0.0
207,train,0.06930827139440973,0.04962319056193034,0.019685080832479385,0.0,0.0,0.0,0.0,0.0,0.0
207,val,0.06277623207498939,0.04445176760355631,0.01832446447143308,0.0,0.0,0.0,0.0,0.0,0.0
208,train,0.0692077978125954,0.04962580680847168,0.019581991004123715,0.0,0.0,0.0,0.0,0.0,0.0
208,val,0.06268013447768897,0.04445357004801432,0.018226564429674647,0.0,0.0,0.0,0.0,0.0,0.0
209,train,0.06909869149821342,0.04961707750956217,0.01948161398865125,0.0,0.0,0.0,0.0,0.0,0.0
209,val,0.06258856869179642,0.044457317988077796,0.01813125070371863,0.0,0.0,0.0,0.0,0.0,0.0
210,train,0.06899718547362377,0.049613113403320315,0.019384072070303446,0.0,0.0,0.0,0.0,0.0,0.0
210,val,0.062498480339196257,0.0444598388671875,0.01803864147200876,0.0,0.0,0.0,0.0,0.0,0.0
211,train,0.06890200324548444,0.04961364110310872,0.01928836214237572,0.0,0.0,0.0,0.0,0.0,0.0
211,val,0.062408515644809065,0.04446073532104492,0.017947780323764147,0.0,0.0,0.0,0.0,0.0,0.0
212,train,0.0688078172409451,0.04961286226908366,0.019194954971861442,0.0,0.0,0.0,0.0,0.0,0.0
212,val,0.062310697668177185,0.04445158004760742,0.017859117620569763,0.0,0.0,0.0,0.0,0.0,0.0
213,train,0.068713905758187,0.049610296885172524,0.01910360887301448,0.0,0.0,0.0,0.0,0.0,0.0
213,val,0.062231110263041074,0.044458688100179035,0.01777242216286204,0.0,0.0,0.0,0.0,0.0,0.0
214,train,0.06862493624666252,0.04961051940917969,0.019014416837482825,0.0,0.0,0.0,0.0,0.0,0.0
214,val,0.06214629653565277,0.04445851325988769,0.017687783275765076,0.0,0.0,0.0,0.0,0.0,0.0
215,train,0.06853431174500052,0.04960687637329102,0.0189274353717095,0.0,0.0,0.0,0.0,0.0,0.0
215,val,0.06207229451598811,0.04446703910827637,0.01760525540771175,0.0,0.0,0.0,0.0,0.0,0.0
216,train,0.06844870441245156,0.04960663159688314,0.01884207281556842,0.0,0.0,0.0,0.0,0.0,0.0
216,val,0.06198889711205611,0.04446461995442708,0.017524277157629026,0.0,0.0,0.0,0.0,0.0,0.0
217,train,0.0683674820664667,0.049609190622965496,0.0187582914435012,0.0,0.0,0.0,0.0,0.0,0.0
217,val,0.06191347816587307,0.04446866353352864,0.017444814632344433,0.0,0.0,0.0,0.0,0.0,0.0
218,train,0.06828885012765964,0.04961233774820963,0.018676512379450016,0.0,0.0,0.0,0.0,0.0,0.0
218,val,0.06184118444878481,0.044473915100097655,0.017367269348687157,0.0,0.0,0.0,0.0,0.0,0.0
219,train,0.06820640989217903,0.04960966110229492,0.018596748789884116,0.0,0.0,0.0,0.0,0.0,0.0
219,val,0.06175835887134184,0.044466705322265626,0.017291653549076212,0.0,0.0,0.0,0.0,0.0,0.0
220,train,0.06813130641016218,0.0496127732594808,0.018518533150681384,0.0,0.0,0.0,0.0,0.0,0.0
220,val,0.06168731223966298,0.04446979204813639,0.017217520191526586,0.0,0.0,0.0,0.0,0.0,0.0
221,train,0.06806145770867611,0.04961894989013672,0.018442507818539396,0.0,0.0,0.0,0.0,0.0,0.0
221,val,0.061614510991127636,0.04446902910868327,0.017145481882444365,0.0,0.0,0.0,0.0,0.0,0.0
222,train,0.06798818480439905,0.04961965560913086,0.018368529195268192,0.0,0.0,0.0,0.0,0.0,0.0
222,val,0.061537442323100336,0.04446204503377279,0.01707539728932755,0.0,0.0,0.0,0.0,0.0,0.0
223,train,0.0679169954337713,0.049620478947957354,0.01829651648581395,0.0,0.0,0.0,0.0,0.0,0.0
223,val,0.061468886403621595,0.04446169853210449,0.0170071878715171,0.0,0.0,0.0,0.0,0.0,0.0
224,train,0.0678400119955534,0.049613634745279946,0.018226377250273457,0.0,0.0,0.0,0.0,0.0,0.0
224,val,0.061407119578798866,0.04446635882059733,0.016940760758201535,0.0,0.0,0.0,0.0,0.0,0.0
225,train,0.06776909122586412,0.0496107006072998,0.018158390618564318,0.0,0.0,0.0,0.0,0.0,0.0
225,val,0.061335832957287506,0.04445945103963216,0.01687638191765534,0.0,0.0,0.0,0.0,0.0,0.0
226,train,0.06770287144935253,0.0496107292175293,0.018092142231823233,0.0,0.0,0.0,0.0,0.0,0.0
226,val,0.06127324094020687,0.04445958455403646,0.01681365638617041,0.0,0.0,0.0,0.0,0.0,0.0
227,train,0.06763634140766286,0.04960898717244466,0.0180273542352182,0.0,0.0,0.0,0.0,0.0,0.0
227,val,0.06121737928878308,0.04446505864461263,0.016752320644170454,0.0,0.0,0.0,0.0,0.0,0.0
228,train,0.06757203872599982,0.049608287811279295,0.017963750914720526,0.0,0.0,0.0,0.0,0.0,0.0
228,val,0.06115910938143501,0.04446699460347493,0.01669211477796008,0.0,0.0,0.0,0.0,0.0,0.0
229,train,0.06750896115899742,0.04960756301879883,0.017901398140198584,0.0,0.0,0.0,0.0,0.0,0.0
229,val,0.06111961073349166,0.044486506779988604,0.016633103953503058,0.0,0.0,0.0,0.0,0.0,0.0
230,train,0.06744520225062367,0.049604978561401364,0.017840223689222303,0.0,0.0,0.0,0.0,0.0,0.0
230,val,0.0610531530530816,0.04447793324788411,0.016575219805197487,0.0,0.0,0.0,0.0,0.0,0.0
231,train,0.06738395186797437,0.049603296915690105,0.01778065495228427,0.0,0.0,0.0,0.0,0.0,0.0
231,val,0.06100080854624462,0.044481938680013024,0.0165188698662316,0.0,0.0,0.0,0.0,0.0,0.0
232,train,0.0673318190888053,0.04960922876993815,0.01772259031886714,0.0,0.0,0.0,0.0,0.0,0.0
232,val,0.06095774188732962,0.04449378331502279,0.016463958572306835,0.0,0.0,0.0,0.0,0.0,0.0
233,train,0.06727814070099783,0.049612229665120446,0.017665911035877387,0.0,0.0,0.0,0.0,0.0,0.0
233,val,0.06089648023437018,0.0444861094156901,0.01641037081868008,0.0,0.0,0.0,0.0,0.0,0.0
234,train,0.06721935109289151,0.049608643849690756,0.017610707243200754,0.0,0.0,0.0,0.0,0.0,0.0
234,val,0.060841878152423014,0.04448368708292643,0.016358191069496583,0.0,0.0,0.0,0.0,0.0,0.0
235,train,0.06716351002430891,0.04960665384928385,0.01755685617502506,0.0,0.0,0.0,0.0,0.0,0.0
235,val,0.060797165004854006,0.04448986371358236,0.016307301291271645,0.0,0.0,0.0,0.0,0.0,0.0
236,train,0.06711303092330695,0.04960868835449219,0.017504342568814765,0.0,0.0,0.0,0.0,0.0,0.0
236,val,0.06074466745661372,0.044486977259318036,0.016257690197295685,0.0,0.0,0.0,0.0,0.0,0.0
237,train,0.06705760067240514,0.04960480690002442,0.017452793772380727,0.0,0.0,0.0,0.0,0.0,0.0
237,val,0.06071055263225266,0.04450155258178711,0.01620900005046555,0.0,0.0,0.0,0.0,0.0,0.0
238,train,0.06701394590624134,0.04961131413777669,0.017402631768464644,0.0,0.0,0.0,0.0,0.0,0.0
238,val,0.06066509692117461,0.04450346310933431,0.016161633811840298,0.0,0.0,0.0,0.0,0.0,0.0
239,train,0.06696699923860638,0.04961294174194336,0.017354057496663026,0.0,0.0,0.0,0.0,0.0,0.0
239,val,0.060613232182381946,0.04449745178222656,0.016115780400155388,0.0,0.0,0.0,0.0,0.0,0.0
240,train,0.06691952995410388,0.049612541198730466,0.017306988755373412,0.0,0.0,0.0,0.0,0.0,0.0
240,val,0.06055915595661644,0.044487797419230146,0.0160713585373863,0.0,0.0,0.0,0.0,0.0,0.0
241,train,0.06686479869108441,0.04960357983907064,0.01726121885201378,0.0,0.0,0.0,0.0,0.0,0.0
241,val,0.06052162894819852,0.044493459065755206,0.016028169882443315,0.0,0.0,0.0,0.0,0.0,0.0
242,train,0.06683104133039754,0.04961464881896973,0.017216392511427803,0.0,0.0,0.0,0.0,0.0,0.0
242,val,0.06048169697754628,0.04449581782023112,0.015985879157315162,0.0,0.0,0.0,0.0,0.0,0.0
243,train,0.06677719884899488,0.04960441589355469,0.017172782955440197,0.0,0.0,0.0,0.0,0.0,0.0
243,val,0.06044861750416046,0.04450387318929037,0.01594474431487009,0.0,0.0,0.0,0.0,0.0,0.0
244,train,0.06673441348554145,0.049604307810465494,0.017130105675075957,0.0,0.0,0.0,0.0,0.0,0.0
244,val,0.06040854930719728,0.04450405438741048,0.0159044949197868,0.0,0.0,0.0,0.0,0.0,0.0
245,train,0.06669380824734226,0.049605239232381186,0.01708856901496108,0.0,0.0,0.0,0.0,0.0,0.0
245,val,0.06036337209225872,0.04449803988138835,0.015865332210870373,0.0,0.0,0.0,0.0,0.0,0.0
246,train,0.06665639715883462,0.04960850397745768,0.01704789318137694,0.0,0.0,0.0,0.0,0.0,0.0
246,val,0.06032421883564607,0.0444972292582194,0.01582698957742667,0.0,0.0,0.0,0.0,0.0,0.0
247,train,0.06660864591994627,0.049600448608398434,0.017008197311547832,0.0,0.0,0.0,0.0,0.0,0.0
247,val,0.060291538431659616,0.04450195948282878,0.01578957894883084,0.0,0.0,0.0,0.0,0.0,0.0
248,train,0.06657184025230932,0.04960236549377441,0.01696947475853491,0.0,0.0,0.0,0.0,0.0,0.0
248,val,0.060258758787580205,0.04450566291809082,0.01575309586948939,0.0,0.0,0.0,0.0,0.0,0.0
249,train,0.06653800248607487,0.04960622787475586,0.01693177461131901,0.0,0.0,0.0,0.0,0.0,0.0
249,val,0.06022545683815919,0.044507869084676105,0.015717587753483083,0.0,0.0,0.0,0.0,0.0,0.0
250,train,0.06649898191719131,0.0496038818359375,0.016895100081253812,0.0,0.0,0.0,0.0,0.0,0.0
250,val,0.06018574989831965,0.04450269381205241,0.015683056086267244,0.0,0.0,0.0,0.0,0.0,0.0
251,train,0.06646328825020022,0.04960410435994466,0.01685918389025556,0.0,0.0,0.0,0.0,0.0,0.0
251,val,0.060155894760579795,0.044506648381551106,0.015649246379028686,0.0,0.0,0.0,0.0,0.0,0.0
252,train,0.0664318640295043,0.0496075979868571,0.0168242660426472,0.0,0.0,0.0,0.0,0.0,0.0
252,val,0.06012642825384973,0.04451004028320313,0.015616387970646602,0.0,0.0,0.0,0.0,0.0,0.0
253,train,0.06639437473536933,0.04960400581359863,0.016790368921770698,0.0,0.0,0.0,0.0,0.0,0.0
253,val,0.06009253755716184,0.04450803756713867,0.015584499990023171,0.0,0.0,0.0,0.0,0.0,0.0
254,train,0.0663630125407296,0.04960565884908041,0.016757353691649185,0.0,0.0,0.0,0.0,0.0,0.0
254,val,0.060068396253410164,0.044514945348103845,0.015553450905306323,0.0,0.0,0.0,0.0,0.0,0.0
255,train,0.06633254719901405,0.04960735321044922,0.01672519398856483,0.0,0.0,0.0,0.0,0.0,0.0
255,val,0.060028566871083905,0.04450535138448079,0.015523215486603114,0.0,0.0,0.0,0.0,0.0,0.0
256,train,0.06630040499842794,0.049606618881225584,0.016693786117202365,0.0,0.0,0.0,0.0,0.0,0.0
256,val,0.05999705609165807,0.044503361384073896,0.015493694707584172,0.0,0.0,0.0,0.0,0.0,0.0
257,train,0.0662712198502686,0.049607954025268554,0.016663265825000037,0.0,0.0,0.0,0.0,0.0,0.0
257,val,0.059975605234344295,0.04451058705647786,0.015465018177866437,0.0,0.0,0.0,0.0,0.0,0.0
258,train,0.06624209463992395,0.04960863749186198,0.016633457148061973,0.0,0.0,0.0,0.0,0.0,0.0
258,val,0.05996104907569465,0.044524030685424806,0.015437018390269843,0.0,0.0,0.0,0.0,0.0,0.0
259,train,0.06620811687511387,0.04960377057393392,0.01660434630117995,0.0,0.0,0.0,0.0,0.0,0.0
259,val,0.05992260189212623,0.04451292037963867,0.015409681512487559,0.0,0.0,0.0,0.0,0.0,0.0
260,train,0.06618413189776495,0.04960810979207357,0.016576022105691382,0.0,0.0,0.0,0.0,0.0,0.0
260,val,0.05990701173403474,0.044523916244506835,0.015383095489527905,0.0,0.0,0.0,0.0,0.0,0.0
261,train,0.0661597800616126,0.04961153030395508,0.01654824975765753,0.0,0.0,0.0,0.0,0.0,0.0
261,val,0.05988105286136547,0.04452401796976725,0.015357034891598216,0.0,0.0,0.0,0.0,0.0,0.0
262,train,0.06612800458707233,0.049606701532999675,0.016521303054072643,0.0,0.0,0.0,0.0,0.0,0.0
262,val,0.059842607937203515,0.044510847727457684,0.015331760209745832,0.0,0.0,0.0,0.0,0.0,0.0
263,train,0.06610482445858654,0.04960985501607259,0.016494969442513947,0.0,0.0,0.0,0.0,0.0,0.0
263,val,0.05983680227703547,0.04452973047892252,0.015307071798112947,0.0,0.0,0.0,0.0,0.0,0.0
264,train,0.06608222062891964,0.04961325645446777,0.016468964174451865,0.0,0.0,0.0,0.0,0.0,0.0
264,val,0.05981263103614168,0.044529933929443356,0.01528269710669832,0.0,0.0,0.0,0.0,0.0,0.0
265,train,0.06606276042233822,0.04961891174316406,0.016443848679174162,0.0,0.0,0.0,0.0,0.0,0.0
265,val,0.05979590983600379,0.044536736806233726,0.015259173029770059,0.0,0.0,0.0,0.0,0.0,0.0
266,train,0.06603636449116546,0.04961684226989746,0.016419522221267996,0.0,0.0,0.0,0.0,0.0,0.0
266,val,0.059769850192248564,0.04453344980875651,0.015236400383492055,0.0,0.0,0.0,0.0,0.0,0.0
267,train,0.0660234509715817,0.04962769190470378,0.01639575906687792,0.0,0.0,0.0,0.0,0.0,0.0
267,val,0.05975055118778269,0.04453638394673665,0.015214167241046038,0.0,0.0,0.0,0.0,0.0,0.0
268,train,0.06599444733529877,0.0496220334370931,0.016372413898205672,0.0,0.0,0.0,0.0,0.0,0.0
268,val,0.059741294056420854,0.044548962910970054,0.015192331145450802,0.0,0.0,0.0,0.0,0.0,0.0
269,train,0.0659689876873032,0.04961920738220215,0.01634978030510104,0.0,0.0,0.0,0.0,0.0,0.0
269,val,0.05972286671085785,0.044551693598429365,0.015171173112428486,0.0,0.0,0.0,0.0,0.0,0.0
270,train,0.06596154414800869,0.04963380177815755,0.01632774236985113,0.0,0.0,0.0,0.0,0.0,0.0
270,val,0.05970162964196006,0.04455104509989421,0.015150584542065852,0.0,0.0,0.0,0.0,0.0,0.0
271,train,0.06593928423012846,0.04963273366292318,0.01630655056720528,0.0,0.0,0.0,0.0,0.0,0.0
271,val,0.0596835631597329,0.044552761713663735,0.015130801446069165,0.0,0.0,0.0,0.0,0.0,0.0
272,train,0.06591575864289054,0.04962992032368978,0.016285838319200753,0.0,0.0,0.0,0.0,0.0,0.0
272,val,0.05966059016743777,0.044549118677775064,0.01511147148966271,0.0,0.0,0.0,0.0,0.0,0.0
273,train,0.06589626895363263,0.049630438486735026,0.016265830466897606,0.0,0.0,0.0,0.0,0.0,0.0
273,val,0.059659651826832825,0.04456684112548828,0.015092810701344541,0.0,0.0,0.0,0.0,0.0,0.0
274,train,0.06588501170991057,0.049638649622599285,0.01624636208731128,0.0,0.0,0.0,0.0,0.0,0.0
274,val,0.05963332684747154,0.04455866495768229,0.015074661889789249,0.0,0.0,0.0,0.0,0.0,0.0
275,train,0.06586758414030577,0.04964008331298828,0.016227500827317488,0.0,0.0,0.0,0.0,0.0,0.0
275,val,0.0596121097670639,0.04455502192179362,0.01505708784527028,0.0,0.0,0.0,0.0,0.0,0.0
276,train,0.0658491632491426,0.04963988939921061,0.016209273849931986,0.0,0.0,0.0,0.0,0.0,0.0
276,val,0.05959759552970677,0.04455748240152995,0.015040113128176817,0.0,0.0,0.0,0.0,0.0,0.0
277,train,0.06582751406779587,0.04963589350382487,0.016191620563970995,0.0,0.0,0.0,0.0,0.0,0.0
277,val,0.059592485403768033,0.04456880569458008,0.01502367970918796,0.0,0.0,0.0,0.0,0.0,0.0
278,train,0.06580904669268936,0.04963465372721354,0.016174392965475813,0.0,0.0,0.0,0.0,0.0,0.0
278,val,0.05957852756304848,0.044570881525675454,0.015007646037373028,0.0,0.0,0.0,0.0,0.0,0.0
279,train,0.0657990498220923,0.04964136441548665,0.016157685406605643,0.0,0.0,0.0,0.0,0.0,0.0
279,val,0.05955295414261752,0.044560848871866864,0.014992105270750653,0.0,0.0,0.0,0.0,0.0,0.0
280,train,0.06578404214918591,0.04964271227518718,0.01614132987399874,0.0,0.0,0.0,0.0,0.0,0.0
280,val,0.059548515068087546,0.04457161903381348,0.014976896034274068,0.0,0.0,0.0,0.0,0.0,0.0
281,train,0.06576541272859285,0.049639981587727866,0.016125431140864982,0.0,0.0,0.0,0.0,0.0,0.0
281,val,0.059533320286644514,0.04457120259602865,0.014962117690615867,0.0,0.0,0.0,0.0,0.0,0.0
282,train,0.06575400642138646,0.04964400291442871,0.016110003506957748,0.0,0.0,0.0,0.0,0.0,0.0
282,val,0.05951646144078718,0.04456867535909017,0.014947786081697008,0.0,0.0,0.0,0.0,0.0,0.0
283,train,0.06573095693510383,0.04963599522908529,0.016094961706018547,0.0,0.0,0.0,0.0,0.0,0.0
283,val,0.05951011543293269,0.04457629839579264,0.01493381703714005,0.0,0.0,0.0,0.0,0.0,0.0
284,train,0.06573910057911318,0.049658921559651695,0.01608017901946149,0.0,0.0,0.0,0.0,0.0,0.0
284,val,0.059504342181827756,0.044584245681762696,0.014920096500065061,0.0,0.0,0.0,0.0,0.0,0.0
285,train,0.06572150948727123,0.04965565045674642,0.016065859030524817,0.0,0.0,0.0,0.0,0.0,0.0
285,val,0.05949278724195904,0.04458597183227539,0.014906815409683652,0.0,0.0,0.0,0.0,0.0,0.0
286,train,0.065701979473598,0.04965031623840332,0.016051663235194684,0.0,0.0,0.0,0.0,0.0,0.0
286,val,0.059487720702215946,0.044594071706136065,0.014893648996079879,0.0,0.0,0.0,0.0,0.0,0.0
287,train,0.06569147623165608,0.049653482437133786,0.016037993794522296,0.0,0.0,0.0,0.0,0.0,0.0
287,val,0.0594617988831936,0.044580815633138024,0.014880983250055577,0.0,0.0,0.0,0.0,0.0,0.0
288,train,0.06567390406964527,0.0496490478515625,0.016024856218082757,0.0,0.0,0.0,0.0,0.0,0.0
288,val,0.05947023633662221,0.0446014149983724,0.014868821338249818,0.0,0.0,0.0,0.0,0.0,0.0
289,train,0.06566536734892128,0.0496533457438151,0.016012021605106178,0.0,0.0,0.0,0.0,0.0,0.0
289,val,0.059451170376087714,0.04459422747294108,0.014856942903146634,0.0,0.0,0.0,0.0,0.0,0.0
290,train,0.06565285178562363,0.049652748107910157,0.016000103677713484,0.0,0.0,0.0,0.0,0.0,0.0
290,val,0.059440252729656466,0.04459432284037272,0.014845929889283745,0.0,0.0,0.0,0.0,0.0,0.0
291,train,0.0656417714609313,0.04965267817179362,0.01598909328913768,0.0,0.0,0.0,0.0,0.0,0.0
291,val,0.05942001967209162,0.044584248860677085,0.014835770811414534,0.0,0.0,0.0,0.0,0.0,0.0
292,train,0.06563903367759284,0.04966048240661621,0.015978551270976634,0.0,0.0,0.0,0.0,0.0,0.0
292,val,0.05940540030011965,0.04457935333251953,0.014826046967600117,0.0,0.0,0.0,0.0,0.0,0.0
293,train,0.06562064579842844,0.04965232213338216,0.01596832366504628,0.0,0.0,0.0,0.0,0.0,0.0
293,val,0.05940180563486064,0.044585196177164714,0.014816609457695924,0.0,0.0,0.0,0.0,0.0,0.0
294,train,0.0656108556021846,0.04965265274047852,0.01595820286170609,0.0,0.0,0.0,0.0,0.0,0.0
294,val,0.0593928257497289,0.044585561752319335,0.014807263997409566,0.0,0.0,0.0,0.0,0.0,0.0
295,train,0.06559047056665013,0.049642264048258465,0.015948206518391666,0.0,0.0,0.0,0.0,0.0,0.0
295,val,0.059376019916791464,0.044577992757161455,0.014798027159630007,0.0,0.0,0.0,0.0,0.0,0.0
296,train,0.06557319587963883,0.04963488896687825,0.015938306912760575,0.0,0.0,0.0,0.0,0.0,0.0
296,val,0.059368877040969416,0.044580001831054684,0.014788875209914733,0.0,0.0,0.0,0.0,0.0,0.0
297,train,0.065566660521018,0.04963810602823893,0.015928554492779072,0.0,0.0,0.0,0.0,0.0,0.0
297,val,0.05936580345989327,0.0445859432220459,0.014779860237847369,0.0,0.0,0.0,0.0,0.0,0.0
298,train,0.06555586755505512,0.049636850357055666,0.015919017197999454,0.0,0.0,0.0,0.0,0.0,0.0
298,val,0.0593665142880219,0.044595467249552406,0.014771047038469494,0.0,0.0,0.0,0.0,0.0,0.0
299,train,0.06555178266147567,0.049642136891682946,0.01590964576979272,0.0,0.0,0.0,0.0,0.0,0.0
299,val,0.05933988821587286,0.04457749684651693,0.014762391369355936,0.0,0.0,0.0,0.0,0.0,0.0
300,train,0.06555122603503535,0.04965082804361979,0.01590039799141557,0.0,0.0,0.0,0.0,0.0,0.0
300,val,0.059352278276691484,0.04459842363993327,0.014753854636758214,0.0,0.0,0.0,0.0,0.0,0.0
301,train,0.06554134723969907,0.04965007464090983,0.015891272598789235,0.0,0.0,0.0,0.0,0.0,0.0
301,val,0.05933004606048292,0.04458461125691732,0.014745434803565601,0.0,0.0,0.0,0.0,0.0,0.0
302,train,0.06553264788447341,0.04965036392211914,0.015882283962354266,0.0,0.0,0.0,0.0,0.0,0.0
302,val,0.059332463902372956,0.044595317840576174,0.014737146061796784,0.0,0.0,0.0,0.0,0.0,0.0
303,train,0.06551767345157852,0.04964415868123372,0.015873514770344804,0.0,0.0,0.0,0.0,0.0,0.0
303,val,0.05932345501595116,0.04459438959757487,0.014729065418376291,0.0,0.0,0.0,0.0,0.0,0.0
304,train,0.06551296579732799,0.049647919336954754,0.01586504646037323,0.0,0.0,0.0,0.0,0.0,0.0
304,val,0.05932773710467345,0.044606463114420576,0.014721273990252871,0.0,0.0,0.0,0.0,0.0,0.0
305,train,0.0655049529393487,0.049648256301879884,0.01585669663746882,0.0,0.0,0.0,0.0,0.0,0.0
305,val,0.059306771804286375,0.04459317525227865,0.014713596552007725,0.0,0.0,0.0,0.0,0.0,0.0
306,train,0.06550215653168304,0.049653603235880535,0.015848553295802495,0.0,0.0,0.0,0.0,0.0,0.0
306,val,0.05929983491380611,0.044593718846639,0.014706116067167109,0.0,0.0,0.0,0.0,0.0,0.0
307,train,0.06549591633056182,0.049654944737752275,0.015840971592809543,0.0,0.0,0.0,0.0,0.0,0.0
307,val,0.059303009172521876,0.04460384051005046,0.014699168662471413,0.0,0.0,0.0,0.0,0.0,0.0
308,train,0.06548779479699558,0.04965382893880208,0.0158339658581935,0.0,0.0,0.0,0.0,0.0,0.0
308,val,0.05929395976667784,0.04460119565327962,0.01469276411339822,0.0,0.0,0.0,0.0,0.0,0.0
309,train,0.06547290558002004,0.04964549700419108,0.015827408575828962,0.0,0.0,0.0,0.0,0.0,0.0
309,val,0.05927589953724381,0.04458912213643392,0.014686777400809894,0.0,0.0,0.0,0.0,0.0,0.0
310,train,0.06547644695235885,0.04965508778889974,0.015821359163459118,0.0,0.0,0.0,0.0,0.0,0.0
310,val,0.05926971365857914,0.044588445027669274,0.014681268630909862,0.0,0.0,0.0,0.0,0.0,0.0
311,train,0.0654652617007138,0.04964982032775879,0.015815441372955017,0.0,0.0,0.0,0.0,0.0,0.0
311,val,0.05927362418342379,0.044597749710083005,0.014675874473340785,0.0,0.0,0.0,0.0,0.0,0.0
312,train,0.0654567388252032,0.04964705149332682,0.01580968733187637,0.0,0.0,0.0,0.0,0.0,0.0
312,val,0.059266096033920364,0.044595467249552406,0.014670628784367956,0.0,0.0,0.0,0.0,0.0,0.0
313,train,0.06545453285285263,0.04965066909790039,0.01580386375495224,0.0,0.0,0.0,0.0,0.0,0.0
313,val,0.05926373247113852,0.04459842046101888,0.014665312010119636,0.0,0.0,0.0,0.0,0.0,0.0
314,train,0.06545016838458487,0.04965206146240234,0.015798106922182528,0.0,0.0,0.0,0.0,0.0,0.0
314,val,0.05925014637212886,0.044590091705322264,0.014660054666806595,0.0,0.0,0.0,0.0,0.0,0.0
315,train,0.0654427356523832,0.04965033531188965,0.01579240034049356,0.0,0.0,0.0,0.0,0.0,0.0
315,val,0.05924174190648286,0.04458690007527669,0.014654841831206166,0.0,0.0,0.0,0.0,0.0,0.0
316,train,0.06543416201007266,0.04964738845825195,0.0157867735518207,0.0,0.0,0.0,0.0,0.0,0.0
316,val,0.0592535179105721,0.04460381507873535,0.014649702831836755,0.0,0.0,0.0,0.0,0.0,0.0
317,train,0.06543275981460055,0.04965158144632975,0.0157811783682708,0.0,0.0,0.0,0.0,0.0,0.0
317,val,0.0592442191538121,0.04459962526957194,0.014644593884240161,0.0,0.0,0.0,0.0,0.0,0.0
318,train,0.065428925740551,0.049653209050496416,0.01577571669005458,0.0,0.0,0.0,0.0,0.0,0.0
318,val,0.05924360614625366,0.04460399309794108,0.014639613048312577,0.0,0.0,0.0,0.0,0.0,0.0
319,train,0.06542033768293674,0.049650046030680337,0.01577029165225641,0.0,0.0,0.0,0.0,0.0,0.0
319,val,0.0592280833996123,0.04459341684977214,0.014634666549840164,0.0,0.0,0.0,0.0,0.0,0.0
320,train,0.06540235264715341,0.04963732719421387,0.01576502545293955,0.0,0.0,0.0,0.0,0.0,0.0
320,val,0.05924640234825083,0.044616533915201824,0.014629868433049005,0.0,0.0,0.0,0.0,0.0,0.0
321,train,0.06540575533682595,0.04964579900105794,0.01575995633576801,0.0,0.0,0.0,0.0,0.0,0.0
321,val,0.059224598162472414,0.04459933916727702,0.014625258995195392,0.0,0.0,0.0,0.0,0.0,0.0
322,train,0.06539709400387782,0.04964182217915853,0.015755271824719287,0.0,0.0,0.0,0.0,0.0,0.0
322,val,0.059236521009975354,0.04461550712585449,0.014621013884120862,0.0,0.0,0.0,0.0,0.0,0.0
323,train,0.06539020548413194,0.04963947296142578,0.015750732522706156,0.0,0.0,0.0,0.0,0.0,0.0
323,val,0.05924329959595856,0.04462639490763346,0.014616904688325095,0.0,0.0,0.0,0.0,0.0,0.0
324,train,0.06538772354806305,0.04964149157206217,0.01574623197600087,0.0,0.0,0.0,0.0,0.0,0.0
324,val,0.05922443410177868,0.044611603418986005,0.014612830682792677,0.0,0.0,0.0,0.0,0.0,0.0
325,train,0.06538887078367292,0.049647038777669274,0.015741832006003643,0.0,0.0,0.0,0.0,0.0,0.0
325,val,0.05922251869247845,0.04461366653442383,0.014608852158054624,0.0,0.0,0.0,0.0,0.0,0.0
326,train,0.06538390266775257,0.04964625358581543,0.015737649081937137,0.0,0.0,0.0,0.0,0.0,0.0
326,val,0.059218090048797856,0.044613011678059894,0.014605078370737962,0.0,0.0,0.0,0.0,0.0,0.0
327,train,0.06537842700279885,0.04964477856953939,0.01573364843325946,0.0,0.0,0.0,0.0,0.0,0.0
327,val,0.05920319611252488,0.04460172017415365,0.014601475938371227,0.0,0.0,0.0,0.0,0.0,0.0
328,train,0.06536998432745147,0.04964020729064941,0.01572977703680206,0.0,0.0,0.0,0.0,0.0,0.0
328,val,0.059200596635865785,0.04460260391235352,0.014597992723512268,0.0,0.0,0.0,0.0,0.0,0.0
329,train,0.06536477956662456,0.049638799031575524,0.01572598053504904,0.0,0.0,0.0,0.0,0.0,0.0
329,val,0.059198012378258884,0.044603433609008786,0.014594578769250098,0.0,0.0,0.0,0.0,0.0,0.0
330,train,0.06536037104197015,0.049638099670410156,0.015722271371559994,0.0,0.0,0.0,0.0,0.0,0.0
330,val,0.05920421343213293,0.044612967173258467,0.014591246258874462,0.0,0.0,0.0,0.0,0.0,0.0
331,train,0.06536285005120177,0.0496442445119222,0.015718605539279566,0.0,0.0,0.0,0.0,0.0,0.0
331,val,0.059198913554524106,0.04461095809936524,0.014587955455158869,0.0,0.0,0.0,0.0,0.0,0.0
332,train,0.06536103031726845,0.04964596748352051,0.015715062833747948,0.0,0.0,0.0,0.0,0.0,0.0
332,val,0.05919359611165336,0.044608815511067705,0.014584780600585656,0.0,0.0,0.0,0.0,0.0,0.0
333,train,0.0653583441927553,0.04964665095011393,0.01571169324264136,0.0,0.0,0.0,0.0,0.0,0.0
333,val,0.059192256539695835,0.044610487620035805,0.01458176891966003,0.0,0.0,0.0,0.0,0.0,0.0
334,train,0.06535640874170615,0.049647916158040366,0.015708492583665773,0.0,0.0,0.0,0.0,0.0,0.0
334,val,0.05919043926282581,0.0446115239461263,0.014578915316699506,0.0,0.0,0.0,0.0,0.0,0.0
335,train,0.06535510074677908,0.049649492899576826,0.015705607847202256,0.0,0.0,0.0,0.0,0.0,0.0
335,val,0.05918777553977398,0.04461141586303711,0.014576359676736874,0.0,0.0,0.0,0.0,0.0,0.0
336,train,0.06534730098511451,0.04964450836181641,0.0157027926232981,0.0,0.0,0.0,0.0,0.0,0.0
336,val,0.05918670994807342,0.04461284319559733,0.014573866752476093,0.0,0.0,0.0,0.0,0.0,0.0
337,train,0.0653479135837026,0.04964812278747559,0.015699790796227003,0.0,0.0,0.0,0.0,0.0,0.0
337,val,0.05917753363774515,0.04460633913675944,0.014571194500985714,0.0,0.0,0.0,0.0,0.0,0.0
338,train,0.06534435826997789,0.04964756647745768,0.015696791792520207,0.0,0.0,0.0,0.0,0.0,0.0
338,val,0.059191130929234746,0.044622605641682946,0.0145685252875518,0.0,0.0,0.0,0.0,0.0,0.0
339,train,0.06533486800255035,0.04964113235473633,0.01569373564781402,0.0,0.0,0.0,0.0,0.0,0.0
339,val,0.05919185121701117,0.044626051584879554,0.014565799632131617,0.0,0.0,0.0,0.0,0.0,0.0
340,train,0.0653374074617417,0.04964659372965495,0.01569081373208675,0.0,0.0,0.0,0.0,0.0,0.0
340,val,0.059184451626507914,0.044621248245239255,0.014563203381268661,0.0,0.0,0.0,0.0,0.0,0.0
341,train,0.06534303112418224,0.049654998779296876,0.01568803234488537,0.0,0.0,0.0,0.0,0.0,0.0
341,val,0.059183961544175566,0.044623219172159834,0.014560742372015734,0.0,0.0,0.0,0.0,0.0,0.0
342,train,0.06534423387817324,0.04965873082478841,0.015685503053384838,0.0,0.0,0.0,0.0,0.0,0.0
342,val,0.05918447067126349,0.04462594985961914,0.014558520811644356,0.0,0.0,0.0,0.0,0.0,0.0
